{"meanX": [3.613523557312253, 11.363636363636363, 11.136778656126483, 0.0691699604743083, 0.5546950592885376, 6.284634387351778, 68.57490118577076, 3.795042687747036, 9.549407114624506, 408.2371541501976, 18.455533596837945, 356.67403162055336, 12.653063241106718], "standard_deviationX": [8.59304135129577, 23.29939569476613, 6.853570583390874, 0.2537429349603471, 0.11576311540656137, 0.7019225143345689, 28.121032570236867, 2.1036283563444593, 8.698651117790636, 168.37049503938115, 2.1628051914821365, 91.20460745217277, 7.134001636650485], "meanY": 22.53280632411067, "standard_deviationY": 9.188011545278203}